Symbol,Name,Last Sale,Market Cap,% Change,Sector,Industry
A,Agilent Technologies Inc. Common Stock,$147.45,43211001626.0,-0.867%,Industrials,Biotechnology: Laboratory Analytical Instruments
AAL,American Airlines Group Inc. Common Stock,$14.82,9703496013.0,0.271%,Consumer Discretionary,Air Freight/Delivery Services
AAPL,Apple Inc. Common Stock,$172.28,2660327258680.0,0.531%,Technology,Computer Manufacturing
ABBV,AbbVie Inc. Common Stock,$178.45,315227170914.0,0.535%,Health Care,Biotechnology: Pharmaceutical Preparations
ABNB,Airbnb Inc. Class A Common Stock,$167.86,108616275338.0,-0.19%,Consumer Discretionary,Hotels/Resorts
ABT,Abbott Laboratories Common Stock,$110.57,191859326835.0,-0.843%,Health Care,Biotechnology: Pharmaceutical Preparations
ACGL,Arch Capital Group Ltd. Common Stock,$90.68,33928032176.0,-0.011%,Finance,Property-Casualty Insurers
ACN,Accenture plc Class A Ordinary Shares (Ireland),$337.50,225055122300.0,-2.182%,Consumer Discretionary,Business Services
ADBE,Adobe Inc. Common Stock,$499.52,225783040000.0,-2.294%,Technology,Computer Software: Prepackaged Software
ADI,Analog Devices Inc. Common Stock,$193.51,95963186107.0,-0.84%,Technology,Semiconductors
ADM,Archer-Daniels-Midland Company Common Stock,$62.00,31610647486.0,-0.752%,Consumer Staples,Packaged Foods
ADP,Automatic Data Processing Inc. Common Stock,$247.61,101715852295.0,-0.538%,Technology,EDP Services
ADSK,Autodesk Inc. Common Stock,$262.86,56229782330.0,-1.087%,Technology,Computer Software: Prepackaged Software
AEE,Ameren Corporation Common Stock,$71.68,19087585987.0,-0.167%,Utilities,Power Generation
AEP,American Electric Power Company Inc. Common Stock,$82.95,43647011326.0,-0.181%,Utilities,Electric Utilities: Central
AES,The AES Corporation Common Stock,$16.24,11535062228.0,3.046%,Utilities,Electric Utilities: Central
AFL,AFLAC Incorporated Common Stock,$84.16,48561020884.0,-1.012%,Finance,Accident &Health Insurance
AIG,American International Group Inc. New Common Stock,$76.38,52011239940.0,-1.331%,Finance,Life Insurance
AIZ,Assurant Inc. Common Stock,$179.68,9339341277.0,0.078%,Finance,Property-Casualty Insurers
AJG,Arthur J. Gallagher & Co. Common Stock,$246.53,53447704000.0,-1.506%,Finance,Specialty Insurers
AKAM,Akamai Technologies Inc. Common Stock,$108.97,16512256791.0,-0.16%,Consumer Discretionary,Business Services
ALB,Albemarle Corporation Common Stock,$120.86,14189320416.0,-3.204%,Industrials,Major Chemicals
ALGN,Align Technology Inc. Common Stock,$319.42,23989761843.0,-0.576%,Health Care,Industrial Specialties
ALL,Allstate Corporation (The) Common Stock,$165.25,43471890329.0,1.899%,Finance,Property-Casualty Insurers
ALLE,Allegion plc Ordinary Shares,$134.12,11742794519.0,-0.865%,Consumer Discretionary,Diversified Commercial Services
AMAT,Applied Materials Inc. Common Stock,$210.25,174696169099.0,-0.261%,Technology,Industrial Machinery/Components
AMCR,Amcor plc Ordinary Shares,$9.23,13340517847.0,-0.539%,Consumer Discretionary,Miscellaneous manufacturing industries
AMD,Advanced Micro Devices Inc. Common Stock,$179.65,290276105986.0,0.543%,Technology,Semiconductors
AME,AMETEK Inc.,$183.15,42309973258.0,-0.952%,Industrials,Industrial Machinery/Components
AMGN,Amgen Inc. Common Stock,$276.17,148004722889.0,-0.282%,Health Care,Biotechnology: Pharmaceutical Preparations
AMP,Ameriprise Financial Inc. Common Stock,$430.16,43141010518.0,-1.278%,Finance,Investment Managers
AMT,American Tower Corporation (REIT) Common Stock,$192.79,89908042180.0,-0.593%,Real Estate,Real Estate Investment Trusts
AMZN,Amazon.com Inc. Common Stock,$178.87,1857990891521.0,0.404%,Consumer Discretionary,Catalog/Specialty Distribution
ANET,Arista Networks Inc. Common Stock,$306.42,95797191389.0,0.598%,Technology,Computer peripheral equipment
ANSS,ANSYS Inc. Common Stock,$349.24,30390098917.0,0.299%,Technology,Computer Software: Prepackaged Software
AON,Aon plc Class A Ordinary Shares (Ireland),$326.79,64801716821.0,0.083%,Finance,Specialty Insurers
AOS,A.O. Smith Corporation Common Stock,$89.28,13141578082.0,-0.668%,Consumer Discretionary,Consumer Electronics/Appliances
APA,APA Corporation Common Stock,$33.46,10098857717.0,-1.327%,Energy,Oil & Gas Production
APD,Air Products and Chemicals Inc. Common Stock,$236.71,52620881782.0,0.518%,Industrials,Major Chemicals
APH,Amphenol Corporation Common Stock,$114.42,68635392280.0,0.009%,Technology,Electrical Products
APTV,Aptiv PLC Ordinary Shares,$78.72,21965717148.0,-2.284%,Consumer Discretionary,Auto Parts:O.E.M.
ARE,Alexandria Real Estate Equities Inc. Common Stock,$125.53,21963765552.0,-2.38%,Real Estate,Real Estate Investment Trusts
ATO,Atmos Energy Corporation Common Stock,$116.57,17583384878.0,-0.223%,Utilities,Oil/Gas Transmission
AVB,AvalonBay Communities Inc. Common Stock,$183.17,26014776582.0,-0.877%,Real Estate,Real Estate Investment Trusts
AVGO,Broadcom Inc. Common Stock,$1353.47,627226741642.0,0.406%,Technology,Semiconductors
AVY,Avery Dennison Corporation Common Stock,$215.58,17356057570.0,-1.395%,Consumer Discretionary,Containers/Packaging
AWK,American Water Works Company Inc. Common Stock,$117.75,22932438930.0,-0.389%,Utilities,Water Supply
AXON,Axon Enterprise Inc. Common Stock,$316.32,23819791818.0,0.073%,Industrials,Ordnance And Accessories
AXP,American Express Company Common Stock,$225.96,163565617071.0,-1.379%,Finance,Finance: Consumer Services
AZO,AutoZone Inc. Common Stock,$3239.32,56049626789.0,0.901%,Consumer Discretionary,Auto & Home Supply Stores
BA,Boeing Company (The) Common Stock,$188.85,115224033464.0,0.613%,Industrials,Aerospace
BAC,Bank of America Corporation Common Stock,$37.05,291681961931.0,-1.226%,Finance,Major Banks
BALL,Ball Corporation Common Stock,$66.22,20901845423.0,1.053%,Industrials,Containers/Packaging
BAX,Baxter International Inc. Common Stock,$41.94,21298282708.0,-0.167%,Health Care,Medical/Dental Instruments
BBWI,Bath & Body Works Inc.,$46.75,10562722676.0,-3.149%,Consumer Discretionary,Clothing/Shoe/Accessory Stores
BBY,Best Buy Co. Inc. Common Stock,$81.66,17588044716.0,1.517%,Consumer Discretionary,Consumer Electronics/Video Chains
BDX,Becton Dickinson and Company Common Stock,$246.25,71142174630.0,1.916%,Health Care,Medical/Dental Instruments
BEN,Franklin Resources Inc. Common Stock,$27.37,14411890353.0,-1.724%,Finance,Investment Managers
BG,Bunge Limited Common Shares,$99.22,14229954895.0,-0.889%,Consumer Staples,Packaged Foods
BIIB,Biogen Inc. Common Stock,$218.10,31703190044.0,-1.20%,Health Care,Biotechnology: Biological Products (No Diagnostic Substances)
BIO,Bio-Rad Laboratories Inc. Class A Common Stock,$350.46,9994571081.0,-0.435%,Industrials,Biotechnology: Laboratory Analytical Instruments
BK,The Bank of New York Mellon Corporation Common Stock,$56.47,42603079470.0,-1.414%,Finance,Major Banks
BKNG,Booking Holdings Inc. Common Stock,$3624.73,123860746698.0,-0.633%,Consumer Discretionary,Transportation Services
BKR,Baker Hughes Company Class A Common Stock,$33.44,33469474217.0,-0.948%,Industrials,Metal Fabrications
BLDR,Builders FirstSource Inc. Common Stock,$210.54,25673261917.0,-0.275%,Consumer Discretionary,RETAIL: Building Materials
BLK,BlackRock Inc. Common Stock,$824.83,122852234852.0,-2.046%,Finance,Investment Bankers/Brokers/Service
BMY,Bristol-Myers Squibb Company Common Stock,$51.93,105012503833.0,0.659%,Health Care,Biotechnology: Pharmaceutical Preparations
BR,Broadridge Financial Solutions Inc. Common Stock,$203.51,23967824289.0,-1.233%,Consumer Discretionary,Business Services
BRO,Brown & Brown Inc. Common Stock,$86.00,24578960218.0,-0.046%,Finance,Specialty Insurers
BSX,Boston Scientific Corporation Common Stock,$67.62,99205006298.0,0.089%,Health Care,Medical/Dental Instruments
BWA,BorgWarner Inc. Common Stock,$33.20,7628697760.0,-0.599%,Consumer Discretionary,Auto Parts:O.E.M.
BX,Blackstone Inc. Common Stock,$127.86,91374438738.0,-2.886%,Finance,Investment Managers
BXP,Boston Properties Inc. Common Stock,$63.27,9934084705.0,-4.296%,Real Estate,Real Estate Investment Trusts
C,Citigroup Inc. Common Stock,$60.82,116249327742.0,-0.832%,Finance,Major Banks
CAG,ConAgra Brands Inc. Common Stock,$28.99,13857365762.0,0.138%,Consumer Staples,Packaged Foods
CAH,Cardinal Health Inc. Common Stock,$111.01,27001312315.0,-1.351%,Health Care,Other Pharmaceuticals
CARR,Carrier Global Corporation Common Stock ,$57.86,51979343759.0,-3.276%,Industrials,Industrial Machinery/Components
CAT,Caterpillar Inc. Common Stock,$358.11,178831993802.0,-1.769%,Industrials,Construction/Ag Equipment/Trucks
CB,Chubb Limited  Common Stock,$255.51,103675429966.0,-0.312%,Finance,Property-Casualty Insurers
CBOE,Cboe Global Markets Inc. Common Stock,$180.92,20230248250.0,-1.781%,Finance,Investment Bankers/Brokers/Service
CBRE,CBRE Group Inc Common Stock Class A,$96.59,29527164566.0,-1.559%,Finance,Real Estate
CCI,Crown Castle Inc. Common Stock,$102.80,44637329653.0,-0.83%,Real Estate,Real Estate Investment Trusts
CCL,Carnival Corporation Common Stock,$17.08,22313208854.0,0.353%,Consumer Discretionary,Marine Transportation
CDNS,Cadence Design Systems Inc. Common Stock,$322.74,87862414860.0,-0.019%,Technology,Computer Software: Prepackaged Software
CDW,CDW Corporation Common Stock,$255.67,34314779475.0,0.338%,Consumer Discretionary,Catalog/Specialty Distribution
CE,Celanese Corporation Common Stock,$165.41,18014211925.0,-1.741%,Industrials,Major Chemicals
CEG,Constellation Energy Corporation Common Stock ,$178.24,56442643733.0,2.36%,Utilities,Electric Utilities: Central
CF,CF Industries Holdings Inc. Common Stock,$83.66,15756348379.0,-2.323%,Industrials,Agricultural Chemicals
CFG,Citizens Financial Group Inc. Common Stock,$35.15,16125298813.0,-1.568%,Finance,Major Banks
CHD,Church & Dwight Company Inc. Common Stock,$104.60,25499067819.0,0.693%,Consumer Discretionary,Package Goods/Cosmetics
CHRW,C.H. Robinson Worldwide Inc. Common Stock,$74.47,8704854897.0,0.161%,Consumer Discretionary,Oil Refining/Marketing
CHTR,Charter Communications Inc. Class A Common Stock New,$290.60,42202518385.0,-1.361%,Telecommunications,Cable & Other Pay Television Services
CI,The Cigna Group Common Stock,$351.78,102844649639.0,-0.548%,Health Care,Medical Specialities
CINF,Cincinnati Financial Corporation Common Stock,$117.42,18395606414.0,-1.195%,Finance,Property-Casualty Insurers
CL,Colgate-Palmolive Company Common Stock,$89.20,73425061975.0,0.484%,Consumer Discretionary,Package Goods/Cosmetics
CLX,Clorox Company (The) Common Stock,$150.75,18709029700.0,2.093%,Consumer Discretionary,Specialty Chemicals
CMA,Comerica Incorporated Common Stock,$51.65,6843091301.0,-2.363%,Finance,Major Banks
CMCSA,Comcast Corporation Class A Common Stock,$42.74,169757182669.0,-0.35%,Telecommunications,Cable & Other Pay Television Services
CME,CME Group Inc. Class A Common Stock,$214.50,77218926642.0,-0.736%,Finance,Investment Bankers/Brokers/Service
CMG,Chipotle Mexican Grill Inc. Common Stock,$2882.04,79028905905.0,-0.79%,Consumer Discretionary,Restaurants
CMI,Cummins Inc. Common Stock,$290.34,41186716958.0,-0.364%,Industrials,Industrial Machinery/Components
CMS,CMS Energy Corporation Common Stock,$58.97,17363340271.0,0.136%,Utilities,Power Generation
CNC,Centene Corporation Common Stock,$76.93,41147010590.0,-0.324%,Health Care,Medical Specialities
CNP,CenterPoint Energy Inc (Holding Co) Common Stock,$27.83,17577280668.0,-0.572%,Utilities,Electric Utilities: Central
COF,Capital One Financial Corporation Common Stock,$141.16,53670756975.0,-1.411%,Finance,Major Banks
COO,The Cooper Companies Inc. Common Stock,$100.42,19959106039.0,-0.937%,Health Care,Ophthalmic Goods
COP,ConocoPhillips Common Stock,$123.03,144733521515.0,-0.389%,Energy,Integrated oil Companies
COR,Cencora Inc. Common Stock,$242.50,48374383303.0,0.07%,Health Care,Other Pharmaceuticals
COST,Costco Wholesale Corporation Common Stock,$734.80,325886765653.0,-1.045%,Consumer Discretionary,Department/Specialty Retail Stores
CPB,Campbell Soup Company Common Stock,$43.55,12982368274.0,0.694%,Consumer Staples,Packaged Foods
CPRT,Copart Inc. (DE) Common Stock,$57.41,55197523660.0,0.35%,Consumer Discretionary,Retail-Auto Dealers and Gas Stations
CPT,Camden Property Trust Common Stock,$98.22,10506488992.0,-1.484%,Real Estate,Real Estate Investment Trusts
CRL,Charles River Laboratories International Inc. Common Stock,$272.57,13996406809.0,-0.315%,Health Care,Biotechnology: Commercial Physical & Biological Resarch
CRM,Salesforce Inc. Common Stock,$307.77,298536900000.0,-0.201%,Technology,Computer Software: Prepackaged Software
CSCO,Cisco Systems Inc. Common Stock (DE),$49.78,201568532842.0,-0.20%,Telecommunications,Computer Communications Equipment
CSGP,CoStar Group Inc. Common Stock,$95.72,39092940206.0,-2.057%,Finance,Real Estate
CSX,CSX Corporation Common Stock,$37.35,73173667674.0,-1.373%,Industrials,Railroads
CTAS,Cintas Corporation Common Stock,$639.39,64815881825.0,-0.431%,Consumer Discretionary,Apparel
CTLT,Catalent Inc. Common Stock,$55.79,10083354888.0,-0.107%,Health Care,Biotechnology: Pharmaceutical Preparations
CTRA,Coterra Energy Inc. Common Stock,$27.29,20517916419.0,-0.401%,Energy,Oil & Gas Production
CTSH,Cognizant Technology Solutions Corporation Class A Common Stock,$71.90,35794842101.0,-0.937%,Technology,EDP Services
CTVA,Corteva Inc. Common Stock ,$55.07,38647189810.0,-1.273%,Consumer Staples,Farming/Seeds/Milling
CVS,CVS Health Corporation Common Stock,$78.48,98763120919.0,0.268%,Consumer Staples,Retail-Drug Stores and Proprietary Stores
CVX,Chevron Corporation Common Stock,$154.66,287245248286.0,-0.129%,Energy,Integrated oil Companies
CZR,Caesars Entertainment Inc. Common Stock,$41.31,8935343416.0,-0.769%,Consumer Discretionary,Hotels/Resorts
D,Dominion Energy Inc. Common Stock,$48.32,40465258178.0,-0.371%,Utilities,Electric Utilities: Central
DAL,Delta Air Lines Inc. Common Stock,$45.59,29329134367.0,-0.891%,Consumer Discretionary,Air Freight/Delivery Services
DAY,Dayforce Inc. Common Stock,$69.17,10832022000.0,-2.426%,Technology,EDP Services
DD,DuPont de Nemours Inc. Common Stock,$75.74,31627726119.0,0.906%,Industrials,Major Chemicals
DE,Deere & Company Common Stock,$398.86,111025955641.0,0.307%,Industrials,Industrial Machinery/Components
DECK,Deckers Outdoor Corporation Common Stock,$922.44,23677392857.0,-3.201%,Consumer Discretionary,Shoe Manufacturing
DFS,Discover Financial Services Common Stock,$125.76,31509833773.0,-1.117%,Finance,Finance: Consumer Services
DG,Dollar General Corporation Common Stock,$150.70,33078236178.0,-2.308%,Consumer Discretionary,Department/Specialty Retail Stores
DGX,Quest Diagnostics Incorporated Common Stock,$129.30,14314452985.0,0.365%,Health Care,Medical Specialities
DHI,D.R. Horton Inc. Common Stock,$161.82,53694672573.0,0.26%,Consumer Discretionary,Homebuilding
DHR,Danaher Corporation Common Stock,$254.80,188475999530.0,0.272%,Industrials,Industrial Machinery/Components
DIS,Walt Disney Company (The) Common Stock,$115.87,212540599969.0,-0.711%,Consumer Discretionary,Services-Misc. Amusement & Recreation
DLR,Digital Realty Trust Inc. Common Stock,$138.51,43255781411.0,-1.071%,Real Estate,Real Estate Investment Trusts
DLTR,Dollar Tree Inc. Common Stock,$125.71,27402645193.0,-1.179%,Consumer Discretionary,Department/Specialty Retail Stores
DOC,Healthpeak Properties Inc. Common Stock,$17.54,9597414122.0,-1.571%,Real Estate,Real Estate Investment Trusts
DOV,Dover Corporation Common Stock,$176.41,24679171555.0,-0.838%,Industrials,Industrial Machinery/Components
DOW,Dow Inc. Common Stock ,$57.68,40508285215.0,-0.432%,Industrials,Major Chemicals
DPZ,Domino's Pizza Inc Common Stock,$458.42,15958848478.0,0.559%,Consumer Discretionary,Food Distributors
DRI,Darden Restaurants Inc. Common Stock,$165.11,19715919334.0,1.146%,Consumer Discretionary,Restaurants
DTE,DTE Energy Company Common Stock,$108.88,22478601007.0,-0.247%,Utilities,Electric Utilities: Central
DUK,Duke Energy Corporation (Holding Company) Common Stock,$94.61,72926470906.0,-0.369%,Utilities,Power Generation
DVA,DaVita Inc. Common Stock,$134.11,11761447000.0,-1.563%,Health Care,Misc Health and Biotechnology Services
DVN,Devon Energy Corporation Common Stock,$48.37,30714950000.0,-0.33%,Energy,Oil & Gas Production
DXCM,DexCom Inc. Common Stock,$133.18,51342943769.0,-0.172%,Health Care,Medical/Dental Instruments
EA,Electronic Arts Inc. Common Stock,$131.70,35210055714.0,-0.589%,Technology,Computer Software: Prepackaged Software
EBAY,eBay Inc. Common Stock,$51.42,26635560000.0,-1.115%,Consumer Discretionary,Catalog/Specialty Distribution
ECL,Ecolab Inc. Common Stock,$229.27,65459601047.0,0.197%,Consumer Discretionary,Package Goods/Cosmetics
ED,Consolidated Edison Inc. Common Stock,$88.60,30612188747.0,-0.056%,Utilities,Power Generation
EFX,Equifax Inc. Common Stock,$264.16,32744320247.0,-0.684%,Finance,Finance: Consumer Services
EG,Everest Group Ltd. Common Stock,$384.17,16665898899.0,-0.068%,Finance,Property-Casualty Insurers
EIX,Edison International Common Stock,$69.56,26747508639.0,-0.869%,Utilities,Electric Utilities: Central
EL,Estee Lauder Companies Inc. (The) Common Stock,$143.18,51326222701.0,-2.099%,Consumer Discretionary,Package Goods/Cosmetics
ELV,Elevance Health Inc. Common Stock,$513.85,119556829480.0,-0.159%,Health Care,Medical Specialities
EMN,Eastman Chemical Company Common Stock,$95.27,11179340110.0,-0.209%,Industrials,Major Chemicals
EMR,Emerson Electric Company Common Stock,$112.45,64287665000.0,-0.133%,Technology,Consumer Electronics/Appliances
ENPH,Enphase Energy Inc. Common Stock,$114.61,15559377843.0,-0.667%,Technology,Semiconductors
EOG,EOG Resources Inc. Common Stock,$124.84,72407433700.0,-0.984%,Energy,Oil & Gas Production
EPAM,EPAM Systems Inc. Common Stock,$270.82,15660843008.0,-4.543%,Technology,EDP Services
EQIX,Equinix Inc. Common Stock REIT,$800.97,75788942006.0,-1.315%,Real Estate,Real Estate Investment Trusts
EQR,Equity Residential Common Shares of Beneficial Interest,$62.17,23596846752.0,-2.017%,Real Estate,Real Estate Investment Trusts
EQT,EQT Corporation Common Stock,$34.36,15133071720.0,0.00%,Energy,Oil & Gas Production
ES,Eversource Energy (D/B/A) Common Stock,$57.89,20243391024.0,0.00%,Utilities,Electric Utilities: Central
ESS,Essex Property Trust Inc. Common Stock,$241.99,15536604239.0,-0.828%,Real Estate,Real Estate Investment Trusts
ETN,Eaton Corporation PLC Ordinary Shares,$316.58,126473710000.0,0.336%,Technology,Industrial Machinery/Components
ETR,Entergy Corporation Common Stock,$103.17,21999718240.0,-0.193%,Utilities,Electric Utilities: Central
ETSY,Etsy Inc. Common Stock,$67.82,8036157349.0,-0.426%,Consumer Discretionary,Business Services
EVRG,Evergy Inc. Common Stock,$51.63,11860973634.0,-0.309%,Utilities,Power Generation
EW,Edwards Lifesciences Corporation Common Stock,$93.79,56395927000.0,-0.94%,Health Care,Industrial Specialties
EXC,Exelon Corporation Common Stock,$36.70,36683064491.0,-0.891%,Utilities,Power Generation
EXPD,Expeditors International of Washington Inc. Common Stock,$121.69,17511104722.0,0.123%,Consumer Discretionary,Oil Refining/Marketing
EXPE,Expedia Group Inc. Common Stock,$136.84,18649712730.0,0.33%,Consumer Discretionary,Transportation Services
EXR,Extra Space Storage Inc Common Stock,$141.36,29908178671.0,-0.695%,Real Estate,Real Estate Investment Trusts
F,Ford Motor Company Common Stock,$12.91,51666275697.0,-0.077%,Consumer Discretionary,Auto Manufacturing
FANG,Diamondback Energy Inc. Common Stock,$194.70,34743549710.0,0.154%,Energy,Oil & Gas Production
FAST,Fastenal Company Common Stock,$78.10,44691378166.0,-0.408%,Consumer Discretionary,RETAIL: Building Materials
FCX,Freeport-McMoRan Inc. Common Stock,$45.10,64691846351.0,-2.465%,Basic Materials,Metal Mining
FDS,FactSet Research Systems Inc. Common Stock,$447.46,17042135174.0,-0.71%,Technology,Computer Software: Programming Data Processing
FDX,FedEx Corporation Common Stock,$284.32,71049449247.0,7.351%,Consumer Discretionary,Air Freight/Delivery Services
FE,FirstEnergy Corp. Common Stock,$38.21,21949384879.0,-0.157%,Utilities,Electric Utilities: Central
FFIV,F5 Inc. Common Stock,$190.57,11206703632.0,-0.262%,Technology,EDP Services
FI,Fiserv Inc. Common Stock,$156.29,92274012351.0,-0.045%,Consumer Discretionary,Business Services
FICO,Fair Isaac Corproation Common Stock,$1276.74,31729615254.0,-0.256%,Consumer Discretionary,Business Services
FIS,Fidelity National Information Services Inc. Common Stock,$70.52,40652363703.0,-2.408%,Consumer Discretionary,Business Services
FITB,Fifth Third Bancorp Common Stock,$36.37,24776039994.0,-1.729%,Finance,Major Banks
FLT,FleetCor Technologies Inc. Common Stock,$303.26,21790322433.0,-0.831%,Consumer Discretionary,Business Services
FMC,FMC Corporation Common Stock,$62.36,7780080994.0,-3.929%,Industrials,Major Chemicals
FOX,Fox Corporation Class B Common Stock,$27.32,12973616145.0,-1.691%,Industrials,Broadcasting
FOXA,Fox Corporation Class A Common Stock,$30.04,14265279246.0,-1.54%,Industrials,Broadcasting
FRT,Federal Realty Investment Trust Common Stock,$99.53,8259982657.0,-2.632%,Real Estate,Real Estate Investment Trusts
FSLR,First Solar Inc. Common Stock,$153.31,16381009305.0,0.413%,Technology,Semiconductors
FTNT,Fortinet Inc. Common Stock,$68.30,52115013748.0,-0.394%,Technology,Computer peripheral equipment
FTV,Fortive Corporation Common Stock ,$85.66,30099188100.0,-0.626%,Industrials,Industrial Machinery/Components
GD,General Dynamics Corporation Common Stock,$281.16,77032273594.0,-0.064%,Industrials,Marine Transportation
GE,General Electric Company Common Stock,$175.15,190621753346.0,-0.844%,Technology,Consumer Electronics/Appliances
GEHC,GE HealthCare Technologies Inc. Common Stock ,$89.73,40859204158.0,-1.612%,Technology,Computer Software: Prepackaged Software
GEN,Gen Digital Inc. Common Stock,$22.10,14075710227.0,-0.181%,Technology,Computer Software: Prepackaged Software
GILD,Gilead Sciences Inc. Common Stock,$72.61,90455694868.0,-0.657%,Health Care,Biotechnology: Biological Products (No Diagnostic Substances)
GIS,General Mills Inc. Common Stock,$69.10,39010319523.0,0.494%,Consumer Staples,Packaged Foods
GL,Globe Life Inc. Common Stock,$115.47,10820444054.0,-0.319%,Finance,Life Insurance
GLW,Corning Incorporated Common Stock,$32.57,27797658505.0,-1.69%,Industrials,Telecommunications Equipment
GM,General Motors Company Common Stock,$43.06,49709897338.0,-0.829%,Consumer Discretionary,Auto Manufacturing
GNRC,Generac Holdlings Inc. Common Stock,$115.91,6985815722.0,-3.352%,Consumer Discretionary,Metal Fabrications
GOOG,Alphabet Inc. Class C Capital Stock,$151.77,1886956410000.0,2.037%,Technology,Computer Software: Programming Data Processing
GOOGL,Alphabet Inc. Class A Common Stock,$150.77,1874523410000.0,2.148%,Technology,Computer Software: Programming Data Processing
GPC,Genuine Parts Company Common Stock,$155.88,21733280934.0,-0.953%,Consumer Discretionary,Automotive Aftermarket
GPN,Global Payments Inc. Common Stock,$132.13,34087556200.0,-1.828%,Consumer Discretionary,Business Services
GRMN,Garmin Ltd. Common Stock (Switzerland),$147.29,28246895750.0,-0.574%,Industrials,Industrial Machinery/Components
GS,Goldman Sachs Group Inc. (The) Common Stock,$406.82,132445436735.0,-1.665%,Finance,Investment Bankers/Brokers/Service
GWW,W.W. Grainger Inc. Common Stock,$1027.10,50505954975.0,-0.238%,Industrials,Office Equipment/Supplies/Services
HAL,Halliburton Company Common Stock,$38.39,34171000462.0,-0.182%,Energy,Oilfield Services/Equipment
HAS,Hasbro Inc. Common Stock,$54.84,7611324763.0,-2.176%,Consumer Discretionary,Recreational Games/Products/Toys
HBAN,Huntington Bancshares Incorporated Common Stock,$13.31,19277483437.0,-2.204%,Finance,Major Banks
HCA,HCA Healthcare Inc. Common Stock,$329.94,87268701078.0,0.331%,Health Care,Hospital/Nursing Management
HD,Home Depot Inc. (The) Common Stock,$390.28,386773635886.0,-1.245%,Consumer Discretionary,RETAIL: Building Materials
HES,Hess Corporation Common Stock,$149.63,45959163336.0,0.194%,Energy,Oil & Gas Production
HIG,Hartford Financial Services Group Inc. (The) Common Stock,$100.16,29782582010.0,-0.388%,Finance,Property-Casualty Insurers
HII,Huntington Ingalls Industries Inc. Common Stock,$292.55,11582255482.0,-0.469%,Industrials,Marine Transportation
HLT,Hilton Worldwide Holdings Inc. Common Stock ,$211.30,53281517453.0,0.356%,Consumer Discretionary,Hotels/Resorts
HOLX,Hologic Inc. Common Stock,$75.26,17665894270.0,-0.344%,Health Care,Medical Electronics
HON,Honeywell International Inc. Common Stock,$200.73,130912455123.0,-0.323%,Industrials,Aerospace
HPE,Hewlett Packard Enterprise Company Common Stock,$17.37,22577935064.0,0.93%,Telecommunications,Telecommunications Equipment
HPQ,HP Inc. Common Stock,$30.05,29470995368.0,-0.10%,Technology,Computer Manufacturing
HRL,Hormel Foods Corporation Common Stock,$34.38,18829498932.0,0.35%,Consumer Staples,Meat/Poultry/Fish
HSIC,Henry Schein Inc. Common Stock,$73.12,9396338173.0,-1.296%,Health Care,Medical Specialities
HST,Host Hotels & Resorts Inc. Common Stock,$20.85,14560058402.0,-1.418%,Real Estate,Real Estate Investment Trusts
HSY,The Hershey Company Common Stock,$197.99,40380051788.0,-0.662%,Consumer Staples,Specialty Foods
HUBB,Hubbell Inc Common Stock,$417.92,22411777452.0,0.704%,Technology,Electrical Products
HUM,Humana Inc. Common Stock,$348.54,42052506410.0,0.331%,Health Care,Medical Specialities
HWM,Howmet Aerospace Inc. Common Stock,$68.10,27941678633.0,0.621%,Industrials,Metal Fabrications
IBM,International Business Machines Corporation Common Stock,$190.84,174951586792.0,-0.552%,Technology,Computer Manufacturing
ICE,Intercontinental Exchange Inc. Common Stock,$136.23,78007535578.0,-1.354%,Finance,Investment Bankers/Brokers/Service
IDXX,IDEXX Laboratories Inc. Common Stock,$530.72,44097196284.0,-0.257%,Health Care,Biotechnology: In Vitro & In Vivo Diagnostic Substances
IEX,IDEX Corporation Common Stock,$243.87,18447461771.0,-0.813%,Industrials,Fluid Controls
IFF,International Flavors & Fragrances Inc. Common Stock,$83.08,21211562640.0,-0.288%,Industrials,Major Chemicals
ILMN,Illumina Inc. Common Stock,$137.24,21807436000.0,-0.153%,Health Care,Medical Specialities
INCY,Incyte Corp. Common Stock,$56.98,12793498773.0,-1.282%,Health Care,Biotechnology: Commercial Physical & Biological Resarch
INTC,Intel Corporation Common Stock,$42.57,179985960000.0,0.354%,Technology,Semiconductors
INTU,Intuit Inc. Common Stock,$643.74,180233681460.0,-1.159%,Technology,Computer Software: Prepackaged Software
INVH,Invitation Homes Inc. Common Stock,$34.59,21167635487.0,-1.453%,Finance,Real Estate
IP,International Paper Company Common Stock,$39.53,13691366663.0,-0.878%,Basic Materials,Paper
IPG,Interpublic Group of Companies Inc. (The) Common Stock,$32.75,12403251512.0,-1.028%,Consumer Discretionary,Advertising
IQV,IQVIA Holdings Inc. Common Stock,$252.41,45812415000.0,-0.845%,Health Care,Biotechnology: Commercial Physical & Biological Resarch
IR,Ingersoll Rand Inc. Common Stock,$94.74,38221525219.0,-0.379%,Industrials,Industrial Machinery/Components
IRM,Iron Mountain Incorporated (Delaware)Common Stock REIT,$79.46,23224224579.0,-1.816%,Real Estate,Real Estate Investment Trusts
ISRG,Intuitive Surgical Inc. Common Stock,$394.07,138841052832.0,0.538%,Health Care,Medical/Dental Instruments
IT,Gartner Inc. Common Stock,$479.34,37373125517.0,-0.78%,Consumer Discretionary,Other Consumer Services
ITW,Illinois Tool Works Inc. Common Stock,$268.66,80275608000.0,-0.618%,Industrials,Industrial Machinery/Components
IVZ,Invesco Ltd Common Stock,$15.71,7056999050.0,-1.813%,Finance,Investment Managers
J,Jacobs Solutions Inc. Common Stock,$150.03,18851416079.0,-0.918%,Industrials,Military/Government/Technical
JBHT,J.B. Hunt Transport Services Inc. Common Stock,$194.79,20121507413.0,-1.547%,Industrials,Trucking Freight/Courier Services
JBL,Jabil Inc. Common Stock,$131.19,16732708707.0,1.532%,Technology,Electrical Products
JCI,Johnson Controls International plc Ordinary Share,$63.75,43444161683.0,-1.59%,Industrials,Industrial Machinery/Components
JKHY,Jack Henry & Associates Inc. Common Stock,$168.95,12310994198.0,-1.693%,Technology,EDP Services
JNJ,Johnson & Johnson Common Stock,$155.23,373912936802.0,-0.334%,Health Care,Biotechnology: Pharmaceutical Preparations
JNPR,Juniper Networks Inc. Common Stock,$37.05,11926667910.0,0.298%,Telecommunications,Computer Communications Equipment
JPM,JP Morgan Chase & Co. Common Stock,$196.62,566338643937.0,-1.226%,Finance,Major Banks
K,Kellanova Common Stock,$55.55,18924677621.0,-0.998%,Consumer Staples,Packaged Foods
KDP,Keurig Dr Pepper Inc. Common Stock,$29.80,41350212098.0,0.744%,Consumer Staples,Beverages (Production/Distribution)
KEY,KeyCorp Common Stock,$15.03,14035640631.0,-2.148%,Finance,Major Banks
KEYS,Keysight Technologies Inc. Common Stock,$154.39,26949676446.0,0.097%,Industrials,Industrial Machinery/Components
KHC,The Kraft Heinz Company Common Stock,$35.85,43489627364.0,0.702%,Consumer Staples,Packaged Foods
KIM,Kimco Realty Corporation (HC) Common Stock,$19.09,12845746523.0,-3.244%,Real Estate,Real Estate Investment Trusts
KLAC,KLA Corporation Common Stock,$710.56,96091623055.0,-0.36%,Technology,Electronic Components
KMB,Kimberly-Clark Corporation Common Stock,$124.93,42086817926.0,0.096%,Consumer Discretionary,Containers/Packaging
KMI,Kinder Morgan Inc. Common Stock,$18.06,40081821658.0,-0.276%,Utilities,Natural Gas Distribution
KMX,CarMax Inc,$85.53,13507001006.0,-1.053%,Consumer Discretionary,Other Specialty Stores
KO,Coca-Cola Company (The) Common Stock,$60.49,260860473602.0,0.033%,Consumer Staples,Beverages (Production/Distribution)
KR,Kroger Company (The) Common Stock,$56.55,40683395928.0,-0.824%,Consumer Staples,Food Chains
KVUE,Kenvue Inc. Common Stock,$20.60,39440386131.0,-0.531%,Consumer Discretionary,Specialty Chemicals
L,Loews Corporation Common Stock,$76.45,16987277077.0,-1.24%,Finance,Property-Casualty Insurers
LDOS,Leidos Holdings Inc. Common Stock,$129.14,17534538931.0,-0.008%,Technology,EDP Services
LEN,Lennar Corporation Class A Common Stock,$166.58,46779085553.0,0.75%,Consumer Discretionary,Homebuilding
LH,Laboratory Corporation of America Holdings Common Stock,$213.26,17935166000.0,0.932%,Health Care,Medical Specialities
LHX,L3Harris Technologies Inc. Common Stock,$211.94,40291459001.0,-0.568%,Industrials,Industrial Machinery/Components
LIN,Linde plc Ordinary Shares,$468.24,225493367249.0,0.416%,Industrials,Major Chemicals
LKQ,LKQ Corporation Common Stock,$52.78,14071496454.0,-0.302%,Consumer Discretionary,Motor Vehicles
LLY,Eli Lilly and Company Common Stock,$770.61,732206228356.0,0.045%,Health Care,Biotechnology: Pharmaceutical Preparations
LMT,Lockheed Martin Corporation Common Stock,$445.88,107743916388.0,0.614%,Industrials,Aerospace
LNT,Alliant Energy Corporation Common Stock,$48.67,12464401260.0,-0.47%,Utilities,Power Generation
LOW,Lowe's Companies Inc. Common Stock,$258.50,148666607100.0,-0.958%,Consumer Discretionary,RETAIL: Building Materials
LRCX,Lam Research Corporation Common Stock,$977.90,128205623700.0,-0.475%,Technology,Industrial Machinery/Components
LULU,lululemon athletica inc. Common Stock,$403.19,48816142967.0,-15.799%,Consumer Discretionary,Apparel
LUV,Southwest Airlines Company Common Stock,$28.45,16975105679.0,-0.802%,Consumer Discretionary,Air Freight/Delivery Services
LVS,Las Vegas Sands Corp. Common Stock,$50.10,37756433543.0,-0.497%,Consumer Discretionary,Hotels/Resorts
LW,Lamb Weston Holdings Inc. Common Stock ,$103.17,14894910619.0,0.419%,Consumer Staples,Packaged Foods
LYB,LyondellBasell Industries NV Ordinary Shares Class A (Netherlands),$100.98,32770346677.0,-0.267%,Industrials,Major Chemicals
LYV,Live Nation Entertainment Inc. Common Stock,$105.99,24462248647.0,-0.628%,Consumer Discretionary,Services-Misc. Amusement & Recreation
MA,Mastercard Incorporated Common Stock,$481.67,449345848805.0,-1.426%,Consumer Discretionary,Business Services
MAA,Mid-America Apartment Communities Inc. Common Stock,$130.85,15272240578.0,-1.572%,Real Estate,Real Estate Investment Trusts
MAR,Marriott International Class A Common Stock,$255.16,73865078844.0,-0.043%,Consumer Discretionary,Hotels/Resorts
MAS,Masco Corporation Common Stock,$77.10,16943876489.0,-1.381%,Consumer Discretionary,Building Products
MCD,McDonald's Corporation Common Stock,$282.63,204073412053.0,-0.317%,Consumer Discretionary,Restaurants
MCHP,Microchip Technology Incorporated Common Stock,$88.04,47575755030.0,-0.934%,Technology,Semiconductors
MCK,McKesson Corporation Common Stock,$532.57,69984110875.0,-0.301%,Health Care,Other Pharmaceuticals
MCO,Moody's Corporation Common Stock,$387.64,70744300000.0,-2.017%,Finance,Finance: Consumer Services
MDLZ,Mondelez International Inc. Class A Common Stock,$72.40,97484964556.0,0.263%,Consumer Staples,Packaged Foods
MDT,Medtronic plc. Ordinary Shares,$83.08,110315496540.0,-0.396%,Health Care,Biotechnology: Electromedical & Electrotherapeutic Apparatus
MET,MetLife Inc. Common Stock,$72.63,52512965333.0,-0.873%,Finance,Life Insurance
META,Meta Platforms Inc. Class A Common Stock,$509.58,1299125853915.0,0.358%,Technology,Computer Software: Programming Data Processing
MGM,MGM Resorts International Common Stock,$44.47,14216092711.0,-0.626%,Consumer Discretionary,Hotels/Resorts
MHK,Mohawk Industries Inc. Common Stock,$125.12,7969699324.0,-0.84%,Consumer Discretionary,Home Furnishings
MKC,McCormick & Company Incorporated Common Stock,$70.03,18784648875.0,0.792%,Consumer Staples,Packaged Foods
MKTX,MarketAxess Holdings Inc. Common Stock,$221.70,8395278623.0,-0.943%,Finance,Investment Bankers/Brokers/Service
MLM,Martin Marietta Materials Inc. Common Stock,$607.12,37533654951.0,-0.951%,Industrials,Mining & Quarrying of Nonmetallic Minerals (No Fuels)
MMC,Marsh & McLennan Companies Inc. Common Stock,$204.42,100504359586.0,-0.492%,Finance,Specialty Insurers
MMM,3M Company Common Stock,$106.78,59017306000.0,-1.01%,Health Care,Medical/Dental Instruments
MNST,Monster Beverage Corporation,$59.50,61917855983.0,-0.635%,Consumer Staples,Beverages (Production/Distribution)
MO,Altria Group Inc.,$42.98,75793587090.0,-4.383%,Health Care, Medicinal Chemicals and Botanical Products 
MOH,Molina Healthcare Inc Common Stock,$414.72,24219648000.0,-0.725%,Health Care,Medical Specialities
MOS,Mosaic Company (The) Common Stock,$31.18,10030261087.0,-2.684%,Industrials,Agricultural Chemicals
MPC,Marathon Petroleum Corporation Common Stock,$200.17,72333177384.0,0.482%,Energy,Integrated oil Companies
MPWR,Monolithic Power Systems Inc. Common Stock,$672.31,32715276910.0,-0.434%,Technology,Semiconductors
MRK,Merck & Company Inc. Common Stock (new),$123.85,313667943547.0,0.186%,Health Care,Biotechnology: Pharmaceutical Preparations
MRNA,Moderna Inc. Common Stock,$105.43,40281978319.0,1.287%,Health Care,Biotechnology: Biological Products (No Diagnostic Substances)
MRO,Marathon Oil Corporation Common Stock,$27.10,15642048700.0,-0.368%,Energy,Oil & Gas Production
MS,Morgan Stanley Common Stock,$91.95,150362919909.0,-1.552%,Finance,Investment Bankers/Brokers/Service
MSCI,MSCI Inc. Common Stock,$553.11,43746140269.0,-1.893%,Consumer Discretionary,Business Services
MSFT,Microsoft Corporation Common Stock,$428.74,3185725228821.0,-0.147%,Technology,Computer Software: Prepackaged Software
MSI,Motorola Solutions Inc. Common Stock,$348.56,57907311857.0,-0.175%,Technology,Radio And Television Broadcasting And Communications Equipment
MTB,M&T Bank Corporation Common Stock,$142.15,23685642966.0,-2.537%,Finance,Major Banks
MTCH,Match Group Inc. Common Stock,$35.75,9581420206.0,0.168%,Technology,Computer Software: Programming Data Processing
MTD,Mettler-Toledo International Inc. Common Stock,$1327.60,28515128758.0,-0.825%,Industrials,Biotechnology: Laboratory Analytical Instruments
MU,Micron Technology Inc. Common Stock,$110.21,121661797665.0,0.328%,Technology,Semiconductors
NCLH,Norwegian Cruise Line Holdings Ltd. Ordinary Shares,$20.70,8811109588.0,0.779%,Consumer Discretionary,Marine Transportation
NDAQ,Nasdaq Inc. Common Stock,$61.63,35449980909.0,-0.34%,Finance,Investment Bankers/Brokers/Service
NDSN,Nordson Corporation Common Stock,$268.52,15357261627.0,-0.60%,Industrials,Industrial Machinery/Components
NEE,NextEra Energy Inc. Common Stock,$61.78,126799073134.0,0.684%,Utilities,Electric Utilities: Central
NEM,Newmont Corporation,$33.77,38921667768.0,-2.201%,Basic Materials,Precious Metals
NFLX,Netflix Inc. Common Stock,$628.01,271777346348.0,0.851%,Consumer Discretionary,Consumer Electronics/Video Chains
NI,NiSource Inc Common Stock,$27.10,12127914736.0,0.00%,Utilities,Power Generation
NKE,Nike Inc. Common Stock,$93.86,142209357302.0,-6.903%,Consumer Discretionary,Shoe Manufacturing
NOC,Northrop Grumman Corporation Common Stock,$468.75,70329236719.0,0.27%,Industrials,Industrial Machinery/Components
NOW,ServiceNow Inc. Common Stock,$774.15,158700750000.0,0.125%,Technology,Computer Software: Prepackaged Software
NRG,NRG Energy Inc. Common Stock,$67.17,13972771376.0,0.194%,Utilities,Electric Utilities: Central
NSC,Norfolk Southern Corporation Common Stock,$254.12,57401008813.0,-1.424%,Industrials,Railroads
NTAP,NetApp Inc. Common Stock,$104.73,2161382760.0,-0.324%,Technology,Electronic Components
NTRS,Northern Trust Corporation Common Stock,$85.54,17522143193.0,-1.11%,Finance,Major Banks
NUE,Nucor Corporation Common Stock,$194.44,46810464994.0,-0.988%,Industrials,Steel/Iron Ore
NVDA,NVIDIA Corporation Common Stock,$942.89,2357225000000.0,3.121%,Technology,Semiconductors
NVR,NVR Inc. Common Stock,$7971.71,25399039901.0,-0.378%,Consumer Discretionary,Homebuilding
NWS,News Corporation Class B Common Stock,$26.80,15305992925.0,-1.543%,Consumer Discretionary,Newspapers/Magazines
NWSA,News Corporation Class A Common Stock,$25.90,14791985700.0,-1.183%,Consumer Discretionary,Newspapers/Magazines
NXPI,NXP Semiconductors N.V. Common Stock,$244.33,62660690996.0,-0.723%,Technology,Semiconductors
O,Realty Income Corporation Common Stock,$52.08,44847325265.0,-0.781%,Real Estate,Real Estate Investment Trusts
ODFL,Old Dominion Freight Line Inc. Common Stock,$441.07,48004799986.0,-0.843%,Industrials,Trucking Freight/Courier Services
OKE,ONEOK Inc. Common Stock,$79.03,46087091017.0,-0.554%,Utilities,Oil & Gas Production
OMC,Omnicom Group Inc. Common Stock,$93.97,18605375616.0,-0.361%,Consumer Discretionary,Advertising
ON,ON Semiconductor Corporation Common Stock,$74.68,31912903731.0,-1.452%,Technology,Semiconductors
ORCL,Oracle Corporation Common Stock,$127.79,351232604060.0,-0.946%,Technology,Computer Software: Prepackaged Software
ORLY,O'Reilly Automotive Inc. Common Stock,$1167.53,68926984085.0,0.395%,Consumer Discretionary,Auto & Home Supply Stores
OTIS,Otis Worldwide Corporation Common Stock ,$99.34,40277862547.0,-0.878%,Technology,Consumer Electronics/Appliances
OXY,Occidental Petroleum Corporation Common Stock,$63.81,56120859203.0,-0.188%,Energy,Oil & Gas Production
PANW,Palo Alto Networks Inc. Common Stock,$286.78,92658618000.0,-0.296%,Technology,Computer peripheral equipment
PARA,Paramount Global Class B Common Stock,$11.25,7340456903.0,-4.822%,Industrials,Broadcasting
PAYC,Paycom Software Inc. Common Stock,$192.47,11078575702.0,-0.548%,Technology,Computer Software: Prepackaged Software
PAYX,Paychex Inc. Common Stock,$120.84,43480869454.0,-1.218%,Consumer Discretionary,Business Services
PCAR,PACCAR Inc. Common Stock,$123.75,64830605029.0,-0.538%,Consumer Discretionary,Auto Manufacturing
PCG,Pacific Gas & Electric Co. Common Stock,$16.41,47190917605.0,-0.122%,Utilities,Power Generation
PEG,Public Service Enterprise Group Incorporated Common Stock,$65.03,32423086338.0,1.864%,Utilities,Electric Utilities: Central
PEP,PepsiCo Inc. Common Stock,$172.02,236429323197.0,-0.249%,Consumer Staples,Beverages (Production/Distribution)
PFE,Pfizer Inc. Common Stock,$27.36,154495857708.0,-1.085%,Health Care,Biotechnology: Pharmaceutical Preparations
PFG,Principal Financial Group Inc Common Stock,$83.53,19702094719.0,-1.136%,Finance,Specialty Insurers
PG,Procter & Gamble Company (The) Common Stock,$161.66,380389383590.0,-0.124%,Consumer Discretionary,Package Goods/Cosmetics
PGR,Progressive Corporation (The) Common Stock,$205.70,120473854345.0,0.063%,Finance,Property-Casualty Insurers
PH,Parker-Hannifin Corporation Common Stock,$554.89,71253898776.0,-1.026%,Industrials,Metal Fabrications
PHM,PulteGroup Inc. Common Stock,$116.45,24700495385.0,0.336%,Consumer Discretionary,Homebuilding
PKG,Packaging Corporation of America Common Stock,$184.72,16555367262.0,-0.157%,Consumer Discretionary,Containers/Packaging
PLD,Prologis Inc. Common Stock,$128.62,118958194220.0,-0.978%,Real Estate,Real Estate Investment Trusts
PM,Philip Morris International Inc Common Stock,$90.88,141087255535.0,-1.432%,Health Care, Medicinal Chemicals and Botanical Products 
PNC,PNC Financial Services Group Inc. (The) Common Stock,$155.51,61863139497.0,-1.457%,Finance,Major Banks
PNR,Pentair plc. Ordinary Share,$83.94,13878179021.0,-0.921%,Industrials,Industrial Machinery/Components
PNW,Pinnacle West Capital Corporation Common Stock,$73.01,8281332065.0,0.178%,Utilities,Electric Utilities: Central
PODD,Insulet Corporation Common Stock,$164.31,11489496696.0,-1.398%,Health Care,Medical/Dental Instruments
POOL,Pool Corporation Common Stock,$416.38,15979061753.0,-0.618%,Consumer Discretionary,Industrial Specialties
PPG,PPG Industries Inc. Common Stock,$142.56,33537905042.0,-0.731%,Consumer Discretionary,Paints/Coatings
PPL,PPL Corporation Common Stock,$27.08,19974300289.0,0.296%,Utilities,Electric Utilities: Central
PRU,Prudential Financial Inc. Common Stock,$114.60,41141400000.0,-0.942%,Finance,Life Insurance
PSA,Public Storage Common Stock,$279.37,49082907535.0,-0.883%,Real Estate,Real Estate Investment Trusts
PSX,Phillips 66 Common Stock,$159.45,68216605204.0,0.233%,Energy,Integrated oil Companies
PTC,PTC Inc. Common Stock,$190.28,22748431623.0,0.311%,Technology,Computer Software: Prepackaged Software
PWR,Quanta Services Inc. Common Stock,$255.92,37300077938.0,-0.148%,Industrials,Engineering & Construction
PXD,Pioneer Natural Resources Company Common Stock,$255.53,59697716109.0,0.039%,Energy,Oil & Gas Production
PYPL,PayPal Holdings Inc. Common Stock,$64.77,69416720531.0,-2.071%,Consumer Discretionary,Business Services
QCOM,QUALCOMM Incorporated Common Stock,$170.10,189831600000.0,-0.439%,Technology,Radio And Television Broadcasting And Communications Equipment
QRVO,Qorvo Inc. Common Stock,$114.38,11043212626.0,-0.867%,Technology,Semiconductors
RCL,Royal Caribbean Cruises Ltd. Common Stock,$136.02,34909552995.0,0.169%,Consumer Discretionary,Marine Transportation
REG,Regency Centers Corporation Common Stock,$59.34,10952891394.0,-2.289%,Real Estate,Real Estate Investment Trusts
REGN,Regeneron Pharmaceuticals Inc. Common Stock,$967.24,106166096287.0,-0.08%,Health Care,Biotechnology: Pharmaceutical Preparations
RF,Regions Financial Corporation Common Stock,$19.86,18248639993.0,-1.439%,Finance,Major Banks
RHI,Robert Half Inc. Common Stock,$79.53,8367233516.0,-1.912%,Consumer Discretionary,Professional Services
RJF,Raymond James Financial Inc. Common Stock,$125.59,26251778042.0,-0.404%,Finance,Investment Bankers/Brokers/Service
RL,Ralph Lauren Corporation Common Stock,$187.60,11992434306.0,-1.481%,Consumer Discretionary,Apparel
RMD,ResMed Inc. Common Stock,$192.00,28241066496.0,-0.893%,Health Care,Medical/Dental Instruments
ROK,Rockwell Automation Inc. Common Stock,$286.38,32816863260.0,-1.279%,Industrials,Industrial Machinery/Components
ROL,Rollins Inc. Common Stock,$46.54,22520013206.0,0.043%,Finance,Diversified Commercial Services
ROP,Roper Technologies Inc. Common Stock,$556.38,59545085635.0,0.018%,Industrials,Industrial Machinery/Components
ROST,Ross Stores Inc. Common Stock,$145.37,48941175088.0,-1.236%,Consumer Discretionary,Clothing/Shoe/Accessory Stores
RSG,Republic Services Inc. Common Stock,$190.51,59936461405.0,0.735%,Utilities,Environmental Services
RTX,RTX Corporation Common Stock,$95.54,126765041644.0,1.358%,Industrials,Aerospace
RVTY,Revvity Inc. Common Stock,$103.25,12754454018.0,-1.732%,Industrials,Biotechnology: Laboratory Analytical Instruments
SBAC,SBA Communications Corporation Class A Common Stock,$215.47,23294176849.0,0.209%,Real Estate,Real Estate Investment Trusts
SBUX,Starbucks Corporation Common Stock,$90.71,102701862000.0,-1.036%,Consumer Discretionary,Restaurants
SCHW,Charles Schwab Corporation (The) Common Stock,$71.60,130624821689.0,-0.348%,Finance,Investment Bankers/Brokers/Service
SHW,Sherwin-Williams Company (The) Common Stock,$342.87,87248250658.0,-1.256%,Consumer Discretionary,RETAIL: Building Materials
SJM,The J.M. Smucker Company Common Stock,$124.47,13215670709.0,0.428%,Consumer Staples,Packaged Foods
SLB,Schlumberger N.V. Common Stock,$53.99,77353745223.0,-0.827%,Energy,Oilfield Services/Equipment
SMCI,Super Micro Computer Inc. Common Stock,$972.74,54408587424.0,0.116%,Technology,Computer Manufacturing
SNA,Snap-On Incorporated Common Stock,$291.63,15372850253.0,-0.529%,Consumer Discretionary,Industrial Machinery/Components
SNPS,Synopsys Inc. Common Stock,$594.20,90641460598.0,-1.297%,Technology,Computer Software: Prepackaged Software
SO,Southern Company (The) Common Stock,$69.80,76152854887.0,-0.143%,Utilities,Power Generation
SPG,Simon Property Group Inc. Common Stock,$151.86,49491023659.0,-2.535%,Real Estate,Real Estate Investment Trusts
SPGI,S&P Global Inc. Common Stock,$419.13,131648733000.0,-2.198%,Finance,Finance: Consumer Services
SRE,DBA Sempra Common Stock,$69.77,44105099639.0,-0.215%,Utilities,Oil/Gas Transmission
STE,STERIS plc (Ireland) Ordinary Shares,$229.00,22628414015.0,0.841%,Health Care,Industrial Specialties
STLD,Steel Dynamics Inc.,$144.01,22775843082.0,0.104%,Industrials,Steel/Iron Ore
STT,State Street Corporation Common Stock,$75.84,22899400425.0,-0.119%,Finance,Major Banks
STX,Seagate Technology Holdings PLC Ordinary Shares (Ireland),$89.01,18648549988.0,0.633%,Technology,Electronic Components
STZ,Constellation Brands Inc. Common Stock,$268.24,49039655309.0,-0.412%,Consumer Staples,Beverages (Production/Distribution)
SWK,Stanley Black & Decker Inc. Common Stock,$94.68,14561979704.0,-1.179%,Consumer Discretionary,Industrial Machinery/Components
SWKS,Skyworks Solutions Inc. Common Stock,$105.57,16915047313.0,-0.565%,Technology,Semiconductors
SYF,Synchrony Financial Common Stock,$41.55,16904351663.0,-2.579%,Finance,Finance: Consumer Services
SYK,Stryker Corporation Common Stock,$352.62,134088704374.0,-0.252%,Health Care,Medical/Dental Instruments
SYY,Sysco Corporation Common Stock,$81.59,40617929139.0,-0.061%,Consumer Discretionary,Food Distributors
T,AT&T Inc.,$16.98,121454412456.0,-1.049%,Telecommunications,Telecommunications Equipment
TAP,Molson Coors Beverage Company Class B Common Stock,$67.16,13469946676.0,0.134%,Consumer Staples,Beverages (Production/Distribution)
TDG,Transdigm Group Incorporated Common Stock,$1231.20,68462428543.0,-0.096%,Industrials,Military/Government/Technical
TDY,Teledyne Technologies Incorporated Common Stock,$424.03,20088999203.0,0.116%,Industrials,Industrial Machinery/Components
TECH,Bio-Techne Corp Common Stock,$71.50,11239205478.0,-1.148%,Health Care,Biotechnology: Biological Products (No Diagnostic Substances)
TEL,TE Connectivity Ltd. New Switzerland Registered Shares,$143.31,44253982827.0,-0.472%,Technology,Industrial Machinery/Components
TER,Teradyne Inc. Common Stock,$110.75,16953677225.0,-0.628%,Industrials,Electrical Products
TFC,Truist Financial Corporation Common Stock,$37.69,50298431290.0,-0.946%,Finance,Major Banks
TFX,Teleflex Incorporated Common Stock,$220.94,10396659133.0,-1.538%,Health Care,Medical/Dental Instruments
TGT,Target Corporation Common Stock,$168.63,77854819438.0,-0.905%,Consumer Discretionary,Department/Specialty Retail Stores
TJX,TJX Companies Inc. (The) Common Stock,$99.48,113375049656.0,0.302%,Consumer Discretionary,Clothing/Shoe/Accessory Stores
TMO,Thermo Fisher Scientific Inc Common Stock,$583.09,222339370348.0,-0.178%,Industrials,Industrial Machinery/Components
TMUS,T-Mobile US Inc. Common Stock,$160.61,190622801221.0,-0.199%,Telecommunications,Telecommunications Equipment
TPR,Tapestry Inc. Common Stock,$46.95,10768740930.0,-2.371%,Consumer Discretionary,Apparel
TRGP,Targa Resources Inc. Common Stock,$110.90,24747929757.0,-0.099%,Utilities,Natural Gas Distribution
TRMB,Trimble Inc. Common Stock,$64.20,15773117020.0,-0.757%,Industrials,Industrial Machinery/Components
TROW,T. Rowe Price Group Inc. Common Stock,$118.62,26530145299.0,-1.593%,Finance,Investment Bankers/Brokers/Service
TRV,The Travelers Companies Inc. Common Stock,$224.45,51427295686.0,-0.743%,Finance,Property-Casualty Insurers
TSCO,Tractor Supply Company Common Stock,$262.97,28378809894.0,-1.202%,Consumer Discretionary,RETAIL: Building Materials
TSLA,Tesla Inc. Common Stock,$170.83,544057746594.0,-1.151%,Consumer Discretionary,Auto Manufacturing
TSN,Tyson Foods Inc. Common Stock,$58.05,20686020440.0,-0.034%,Consumer Staples,Meat/Poultry/Fish
TT,Trane Technologies plc,$300.29,68187518145.0,-1.185%,Industrials,Auto Parts:O.E.M.
TTWO,Take-Two Interactive Software Inc. Common Stock,$152.46,26007604221.0,0.191%,Technology,Computer Software: Prepackaged Software
TXN,Texas Instruments Incorporated Common Stock,$172.48,156833937839.0,-0.064%,Technology,Semiconductors
TXT,Textron Inc. Common Stock,$95.85,18485054079.0,0.461%,Industrials,Aerospace
TYL,Tyler Technologies Inc. Common Stock,$419.29,17725961063.0,-0.425%,Technology,Computer Software: Prepackaged Software
UAL,United Airlines Holdings Inc. Common Stock,$46.47,15243362690.0,-0.343%,Consumer Discretionary,Air Freight/Delivery Services
UBER,Uber Technologies Inc. Common Stock,$80.23,166597386402.0,-0.025%,Consumer Discretionary,Business Services
UDR,UDR Inc. Common Stock,$37.16,12233967742.0,-1.196%,Real Estate,Real Estate Investment Trusts
UHS,Universal Health Services Inc. Common Stock,$180.49,12132779115.0,-0.155%,Health Care,Hospital/Nursing Management
ULTA,Ulta Beauty Inc. Common Stock,$520.37,25269956601.0,-0.607%,Consumer Discretionary,Other Specialty Stores
UNH,UnitedHealth Group Incorporated Common Stock (DE),$490.07,451812248798.0,-0.329%,Health Care,Medical Specialities
UNP,Union Pacific Corporation Common Stock,$244.97,149377295593.0,-1.266%,Industrials,Railroads
UPS,United Parcel Service Inc. Common Stock,$156.27,133244093842.0,0.612%,Consumer Discretionary,Air Freight/Delivery Services
URI,United Rentals Inc. Common Stock,$714.27,47992963417.0,-0.665%,,
USB,U.S. Bancorp Common Stock,$43.59,67919036257.0,-1.935%,Finance,Major Banks
V,Visa Inc.,$283.26,520209738189.0,-2.449%,Consumer Discretionary,Business Services
VFC,V.F. Corporation Common Stock,$14.09,5478416820.0,-3.095%,Consumer Discretionary,Apparel
VICI,VICI Properties Inc. Common Stock,$28.82,30050023911.0,-1.268%,Real Estate,Real Estate Investment Trusts
VLO,Valero Energy Corporation Common Stock,$169.64,56402230873.0,-0.784%,Energy,Integrated oil Companies
VLTO,Veralto Corp Common Stock ,$89.46,22055635959.0,-0.489%,Industrials,Electrical Products
VMC,Vulcan Materials Company (Holding Company) Common Stock,$274.36,36277829900.0,-0.446%,Industrials,Mining & Quarrying of Nonmetallic Minerals (No Fuels)
VRSK,Verisk Analytics Inc. Common Stock,$234.86,33676548156.0,-0.445%,Consumer Discretionary,Business Services
VRSN,VeriSign Inc. Common Stock,$188.85,19054965000.0,-1.032%,Technology,EDP Services
VRTX,Vertex Pharmaceuticals Incorporated Common Stock,$415.66,107368226799.0,-0.012%,Health Care,Biotechnology: Pharmaceutical Preparations
VTR,Ventas Inc. Common Stock,$43.36,17450734065.0,-1.253%,Real Estate,Real Estate Investment Trusts
VTRS,Viatris Inc. Common Stock,$11.84,14060818724.0,-1.415%,Health Care, Medicinal Chemicals and Botanical Products 
VZ,Verizon Communications Inc. Common Stock,$40.37,169726478524.0,-0.419%,Telecommunications,Telecommunications Equipment
WAB,Westinghouse Air Brake Technologies Corporation Common Stock,$143.78,25453195832.0,-0.746%,Industrials,Railroads
WAT,Waters Corporation Common Stock,$347.31,20561664036.0,-1.458%,Industrials,Biotechnology: Laboratory Analytical Instruments
WBA,Walgreens Boots Alliance Inc. Common Stock,$20.58,17747688346.0,-1.058%,Consumer Staples,Retail-Drug Stores and Proprietary Stores
WBD,Warner Bros. Discovery Inc. Series A Common Stock ,$8.44,20590960280.0,-3.211%,Telecommunications,Cable & Other Pay Television Services
WDC,Western Digital Corporation Common Stock,$63.94,20835472095.0,0.314%,Technology,Electronic Components
WEC,WEC Energy Group Inc. Common Stock,$80.01,25248076415.0,-0.037%,Utilities,Power Generation
WELL,Welltower Inc. Common Stock,$92.08,52382291673.0,-1.096%,Real Estate,Real Estate Investment Trusts
WFC,Wells Fargo & Company Common Stock,$57.13,204379346527.0,-1.245%,Finance,Major Banks
WM,Waste Management Inc. Common Stock,$211.78,85050440747.0,-0.306%,Utilities,Environmental Services
WMB,Williams Companies Inc. (The) Common Stock,$38.25,46540694079.0,-0.468%,Utilities,Natural Gas Distribution
WMT,Walmart Inc. Common Stock,$60.87,490493422786.0,-0.944%,Consumer Discretionary,Department/Specialty Retail Stores
WRB,W.R. Berkley Corporation Common Stock,$86.23,22122191728.0,0.478%,Finance,Property-Casualty Insurers
WRK,Westrock Company Common Stock,$48.22,12390935769.0,-1.249%,,
WST,West Pharmaceutical Services Inc. Common Stock,$393.92,28874058680.0,-0.498%,Health Care,Medical/Dental Instruments
WTW,Willis Towers Watson Public Limited Company Ordinary Shares,$273.21,27998957501.0,-0.474%,Finance,Specialty Insurers
WY,Weyerhaeuser Company Common Stock,$35.61,25978242810.0,0.225%,Real Estate,Real Estate Investment Trusts
WYNN,Wynn Resorts Limited Common stock,$99.89,11195497691.0,-0.07%,Consumer Discretionary,Hotels/Resorts
XEL,Xcel Energy Inc. Common Stock,$52.27,29017992098.0,-0.057%,Utilities,Power Generation
XOM,Exxon Mobil Corporation Common Stock,$113.49,450310650401.0,0.00%,Energy,Oil & Gas Production
XRAY,DENTSPLY SIRONA Inc. Common Stock,$32.75,6791147289.0,-2.093%,Health Care,Medical/Dental Instruments
XYL,Xylem Inc. Common Stock New,$129.21,31239155064.0,-0.60%,Industrials,Fluid Controls
YUM,Yum! Brands Inc.,$136.23,38326441424.0,-0.249%,Consumer Discretionary,Restaurants
ZBH,Zimmer Biomet Holdings Inc. Common Stock,$127.20,26086687598.0,0.102%,Health Care,Industrial Specialties
ZBRA,Zebra Technologies Corporation Class A Common Stock,$291.44,14974597839.0,-1.227%,Industrials,Industrial Machinery/Components
ZTS,Zoetis Inc. Class A Common Stock,$168.90,77333755724.0,0.345%,Health Care,Biotechnology: Pharmaceutical Preparations
